[
  {
    "id": "1:477",
    "name": "Landing",
    "children": [
      {
        "id": "T[T[T[1:888,T[1:903,1:870]]]]",
        "name": "T[T[T[Logo-FireJet,T[Button,Account circle]]]]",
        "children": [
          {
            "id": "T[T[1:888,T[1:903,1:870]]]",
            "name": "T[T[Logo-FireJet,T[Button,Account circle]]]",
            "children": [
              {
                "id": "T[1:888,T[1:903,1:870]]",
                "name": "T[Logo-FireJet,T[Button,Account circle]]",
                "children": [
                  {
                    "id": "1:888",
                    "name": "Logo-FireJet"
                  },
                  {
                    "id": "T[1:903,1:870]",
                    "name": "T[Button,Account circle]",
                    "children": [
                      {
                        "id": "1:903",
                        "name": "Button",
                        "children": [
                          {
                            "id": "1:904",
                            "name": "Sign Up"
                          }
                        ]
                      },
                      {
                        "id": "1:870",
                        "name": "Account circle"
                      }
                    ]
                  }
                ]
              }
            ]
          }
        ]
      },
      {
        "id": "T[T[1:481,1:482,1:483]]",
        "name": "T[T[Figma,Design,to]]",
        "children": [
          {
            "id": "T[1:481,1:482,1:483]",
            "name": "T[Figma,Design,to]",
            "children": [
              {
                "id": "1:481",
                "name": "Figma"
              },
              {
                "id": "1:482",
                "name": "Design"
              },
              {
                "id": "1:483",
                "name": "to"
              }
            ]
          }
        ]
      },
      {
        "id": "T[1:484,1:486]",
        "name": "T[Frame 8,Code]",
        "children": [
          {
            "id": "1:484",
            "name": "Frame 8",
            "children": [
              {
                "id": "1:485",
                "name": "Readable"
              }
            ]
          },
          {
            "id": "1:486",
            "name": "Code"
          }
        ]
      },
      {
        "id": "T[1:488]",
        "name": "T[Turn your Figma components into human-readable React code with a single *CLICK*]",
        "children": [
          {
            "id": "1:488",
            "name": "Turn your Figma components into human-readable React code with a single *CLICK*"
          }
        ]
      },
      {
        "id": "T[1:859]",
        "name": "T[Button]",
        "children": [
          {
            "id": "1:859",
            "name": "Button",
            "children": [
              {
                "id": "1:860",
                "name": "Sign Up"
              }
            ]
          }
        ]
      },
      {
        "id": "T[T[T[1:1236,1:1242,1:1243,T[1:1245,1:1246]],T[1:1249,1:1255,1:1256,T[1:1258,1:1259]]]]",
        "name": "T[T[T[Frame 1,Human Readability,Code readability optimized for React developers. Understand easily and make changes to exported code hassle-free,T[Learn More,bx:arrow-back]],T[Frame 1,Layout Responsive,Fully responsive code outputs based on your defined Figma autoLayout and constraints.,T[Learn More,bx:arrow-back]]]]",
        "children": [
          {
            "id": "T[T[1:1236,1:1242,1:1243,T[1:1245,1:1246]],T[1:1249,1:1255,1:1256,T[1:1258,1:1259]]]",
            "name": "T[T[Frame 1,Human Readability,Code readability optimized for React developers. Understand easily and make changes to exported code hassle-free,T[Learn More,bx:arrow-back]],T[Frame 1,Layout Responsive,Fully responsive code outputs based on your defined Figma autoLayout and constraints.,T[Learn More,bx:arrow-back]]]",
            "children": [
              {
                "id": "T[1:1236,1:1242,1:1243,T[1:1245,1:1246]]",
                "name": "T[Frame 1,Human Readability,Code readability optimized for React developers. Understand easily and make changes to exported code hassle-free,T[Learn More,bx:arrow-back]]",
                "children": [
                  {
                    "id": "1:1236",
                    "name": "Frame 1",
                    "children": [
                      {
                        "id": "T[1:1240]",
                        "name": "T[download (2)]",
                        "children": [
                          {
                            "id": "1:1240",
                            "name": "download (2)"
                          }
                        ]
                      }
                    ]
                  },
                  {
                    "id": "1:1242",
                    "name": "Human Readability"
                  },
                  {
                    "id": "1:1243",
                    "name": "Code readability optimized for React developers. Understand easily and make changes to exported code hassle-free"
                  },
                  {
                    "id": "T[1:1245,1:1246]",
                    "name": "T[Learn More,bx:arrow-back]",
                    "children": [
                      {
                        "id": "1:1245",
                        "name": "Learn More"
                      },
                      {
                        "id": "1:1246",
                        "name": "bx:arrow-back"
                      }
                    ]
                  }
                ]
              },
              {
                "id": "T[1:1249,1:1255,1:1256,T[1:1258,1:1259]]",
                "name": "T[Frame 1,Layout Responsive,Fully responsive code outputs based on your defined Figma autoLayout and constraints.,T[Learn More,bx:arrow-back]]",
                "children": [
                  {
                    "id": "1:1249",
                    "name": "Frame 1",
                    "children": [
                      {
                        "id": "T[1:1253]",
                        "name": "T[download (2)]",
                        "children": [
                          {
                            "id": "1:1253",
                            "name": "download (2)"
                          }
                        ]
                      }
                    ]
                  },
                  {
                    "id": "1:1255",
                    "name": "Layout Responsive"
                  },
                  {
                    "id": "1:1256",
                    "name": "Fully responsive code outputs based on your defined Figma autoLayout and constraints."
                  },
                  {
                    "id": "T[1:1258,1:1259]",
                    "name": "T[Learn More,bx:arrow-back]",
                    "children": [
                      {
                        "id": "1:1258",
                        "name": "Learn More"
                      },
                      {
                        "id": "1:1259",
                        "name": "bx:arrow-back"
                      }
                    ]
                  }
                ]
              }
            ]
          }
        ]
      },
      {
        "id": "T[T[T[1:1262,1:1268,1:1269,T[1:1271,T[1:1246]]],T[1:1275,1:1281,1:1282,T[1:1284,T[1:1259]]]]]",
        "name": "T[T[T[Frame 1,Pixel Perfection,100% pixel perfection with zero design leakage during conversion,T[Learn More,T[bx:arrow-back]]],T[Frame 1,Tailwind CSS,Generate code in Tailwind, the fastest growing CSS framework today,T[Learn More,T[bx:arrow-back]]]]]",
        "children": [
          {
            "id": "T[T[1:1262,1:1268,1:1269,T[1:1271,T[1:1246]]],T[1:1275,1:1281,1:1282,T[1:1284,T[1:1259]]]]",
            "name": "T[T[Frame 1,Pixel Perfection,100% pixel perfection with zero design leakage during conversion,T[Learn More,T[bx:arrow-back]]],T[Frame 1,Tailwind CSS,Generate code in Tailwind, the fastest growing CSS framework today,T[Learn More,T[bx:arrow-back]]]]",
            "children": [
              {
                "id": "T[1:1262,1:1268,1:1269,T[1:1271,T[1:1246]]]",
                "name": "T[Frame 1,Pixel Perfection,100% pixel perfection with zero design leakage during conversion,T[Learn More,T[bx:arrow-back]]]",
                "children": [
                  {
                    "id": "1:1262",
                    "name": "Frame 1",
                    "children": [
                      {
                        "id": "T[1:1240]",
                        "name": "T[download (2)]",
                        "children": [
                          {
                            "id": "1:1240",
                            "name": "download (2)"
                          }
                        ]
                      }
                    ]
                  },
                  {
                    "id": "1:1268",
                    "name": "Pixel Perfection"
                  },
                  {
                    "id": "1:1269",
                    "name": "100% pixel perfection with zero design leakage during conversion"
                  },
                  {
                    "id": "T[1:1271,T[1:1246]]",
                    "name": "T[Learn More,T[bx:arrow-back]]",
                    "children": [
                      {
                        "id": "1:1271",
                        "name": "Learn More"
                      },
                      {
                        "id": "T[1:1246]",
                        "name": "T[bx:arrow-back]",
                        "children": [
                          {
                            "id": "1:1246",
                            "name": "bx:arrow-back"
                          }
                        ]
                      }
                    ]
                  }
                ]
              },
              {
                "id": "T[1:1275,1:1281,1:1282,T[1:1284,T[1:1259]]]",
                "name": "T[Frame 1,Tailwind CSS,Generate code in Tailwind, the fastest growing CSS framework today,T[Learn More,T[bx:arrow-back]]]",
                "children": [
                  {
                    "id": "1:1275",
                    "name": "Frame 1",
                    "children": [
                      {
                        "id": "T[1:1253]",
                        "name": "T[download (2)]",
                        "children": [
                          {
                            "id": "1:1253",
                            "name": "download (2)"
                          }
                        ]
                      }
                    ]
                  },
                  {
                    "id": "1:1281",
                    "name": "Tailwind CSS"
                  },
                  {
                    "id": "1:1282",
                    "name": "Generate code in Tailwind, the fastest growing CSS framework today"
                  },
                  {
                    "id": "T[1:1284,T[1:1259]]",
                    "name": "T[Learn More,T[bx:arrow-back]]",
                    "children": [
                      {
                        "id": "1:1284",
                        "name": "Learn More"
                      },
                      {
                        "id": "T[1:1259]",
                        "name": "T[bx:arrow-back]",
                        "children": [
                          {
                            "id": "1:1259",
                            "name": "bx:arrow-back"
                          }
                        ]
                      }
                    ]
                  }
                ]
              }
            ]
          }
        ]
      },
      {
        "id": "T[1:1168]",
        "name": "T[UserCard]",
        "children": [
          {
            "id": "1:1168",
            "name": "UserCard",
            "children": [
              {
                "id": "1:1169",
                "name": "Text"
              },
              {
                "id": "T[1:1172,T[1:1174,1:1175]]",
                "name": "T[Philip Raw Hi Fidelity - Square 1,T[UserName,UserJob]]",
                "children": [
                  {
                    "id": "1:1172",
                    "name": "Philip Raw Hi Fidelity - Square 1"
                  },
                  {
                    "id": "T[1:1174,1:1175]",
                    "name": "T[UserName,UserJob]",
                    "children": [
                      {
                        "id": "1:1174",
                        "name": "UserName"
                      },
                      {
                        "id": "1:1175",
                        "name": "UserJob"
                      }
                    ]
                  }
                ]
              }
            ]
          }
        ]
      },
      {
        "id": "T[1:1184]",
        "name": "T[UserCard]",
        "children": [
          {
            "id": "1:1184",
            "name": "UserCard",
            "children": [
              {
                "id": "1:1185",
                "name": "Text"
              },
              {
                "id": "T[1:1188,T[1:1190,1:1191]]",
                "name": "T[Philip Raw Hi Fidelity - Square 1,T[UserName,UserJob]]",
                "children": [
                  {
                    "id": "1:1188",
                    "name": "Philip Raw Hi Fidelity - Square 1"
                  },
                  {
                    "id": "T[1:1190,1:1191]",
                    "name": "T[UserName,UserJob]",
                    "children": [
                      {
                        "id": "1:1190",
                        "name": "UserName"
                      },
                      {
                        "id": "1:1191",
                        "name": "UserJob"
                      }
                    ]
                  }
                ]
              }
            ]
          }
        ]
      },
      {
        "id": "T[1:1200]",
        "name": "T[UserCard]",
        "children": [
          {
            "id": "1:1200",
            "name": "UserCard",
            "children": [
              {
                "id": "1:1201",
                "name": "Text"
              },
              {
                "id": "T[1:1204,T[1:1206,1:1207]]",
                "name": "T[Philip Raw Hi Fidelity - Square 1,T[UserName,UserJob]]",
                "children": [
                  {
                    "id": "1:1204",
                    "name": "Philip Raw Hi Fidelity - Square 1"
                  },
                  {
                    "id": "T[1:1206,1:1207]",
                    "name": "T[UserName,UserJob]",
                    "children": [
                      {
                        "id": "1:1206",
                        "name": "UserName"
                      },
                      {
                        "id": "1:1207",
                        "name": "UserJob"
                      }
                    ]
                  }
                ]
              }
            ]
          }
        ]
      },
      {
        "id": "T[1:497]",
        "name": "T[Don’t take our word for it]",
        "children": [
          {
            "id": "1:497",
            "name": "Don’t take our word for it"
          }
        ]
      },
      {
        "id": "T[1:498]",
        "name": "T[Trust our customers]",
        "children": [
          {
            "id": "1:498",
            "name": "Trust our customers"
          }
        ]
      },
      {
        "id": "T[1:673]",
        "name": "T[Footer]",
        "children": [
          {
            "id": "1:673",
            "name": "Footer",
            "children": [
              {
                "id": "T[T[T[1:675,T[T[1:678,1:680]],T[1:682,1:684],T[1:686,1:688],T[1:690,1:693]],T[1:695,T[1:697],1:698,1:699,1:700]]]",
                "name": "T[T[T[Get in Touch,T[T[fluent:call-16-filled,+65 96503241]],T[ic:round-email,founders@firejet.io],T[file-icons:telegram,@st3vuhn],T[carbon:location-filled,8 Somapah Road, S487372]],T[Links,T[Home],Pricing,About Us,Blog]]]",
                "children": [
                  {
                    "id": "T[T[1:675,T[T[1:678,1:680]],T[1:682,1:684],T[1:686,1:688],T[1:690,1:693]],T[1:695,T[1:697],1:698,1:699,1:700]]",
                    "name": "T[T[Get in Touch,T[T[fluent:call-16-filled,+65 96503241]],T[ic:round-email,founders@firejet.io],T[file-icons:telegram,@st3vuhn],T[carbon:location-filled,8 Somapah Road, S487372]],T[Links,T[Home],Pricing,About Us,Blog]]",
                    "children": [
                      {
                        "id": "T[1:675,T[T[1:678,1:680]],T[1:682,1:684],T[1:686,1:688],T[1:690,1:693]]",
                        "name": "T[Get in Touch,T[T[fluent:call-16-filled,+65 96503241]],T[ic:round-email,founders@firejet.io],T[file-icons:telegram,@st3vuhn],T[carbon:location-filled,8 Somapah Road, S487372]]",
                        "children": [
                          {
                            "id": "1:675",
                            "name": "Get in Touch"
                          },
                          {
                            "id": "T[T[1:678,1:680]]",
                            "name": "T[T[fluent:call-16-filled,+65 96503241]]",
                            "children": [
                              {
                                "id": "T[1:678,1:680]",
                                "name": "T[fluent:call-16-filled,+65 96503241]",
                                "children": [
                                  {
                                    "id": "1:678",
                                    "name": "fluent:call-16-filled"
                                  },
                                  {
                                    "id": "1:680",
                                    "name": "+65 96503241"
                                  }
                                ]
                              }
                            ]
                          },
                          {
                            "id": "T[1:682,1:684]",
                            "name": "T[ic:round-email,founders@firejet.io]",
                            "children": [
                              {
                                "id": "1:682",
                                "name": "ic:round-email"
                              },
                              {
                                "id": "1:684",
                                "name": "founders@firejet.io"
                              }
                            ]
                          },
                          {
                            "id": "T[1:686,1:688]",
                            "name": "T[file-icons:telegram,@st3vuhn]",
                            "children": [
                              {
                                "id": "1:686",
                                "name": "file-icons:telegram"
                              },
                              {
                                "id": "1:688",
                                "name": "@st3vuhn"
                              }
                            ]
                          },
                          {
                            "id": "T[1:690,1:693]",
                            "name": "T[carbon:location-filled,8 Somapah Road, S487372]",
                            "children": [
                              {
                                "id": "1:690",
                                "name": "carbon:location-filled"
                              },
                              {
                                "id": "1:693",
                                "name": "8 Somapah Road, S487372"
                              }
                            ]
                          }
                        ]
                      },
                      {
                        "id": "T[1:695,T[1:697],1:698,1:699,1:700]",
                        "name": "T[Links,T[Home],Pricing,About Us,Blog]",
                        "children": [
                          {
                            "id": "1:695",
                            "name": "Links"
                          },
                          {
                            "id": "T[1:697]",
                            "name": "T[Home]",
                            "children": [
                              {
                                "id": "1:697",
                                "name": "Home"
                              }
                            ]
                          },
                          {
                            "id": "1:698",
                            "name": "Pricing"
                          },
                          {
                            "id": "1:699",
                            "name": "About Us"
                          },
                          {
                            "id": "1:700",
                            "name": "Blog"
                          }
                        ]
                      }
                    ]
                  }
                ]
              },
              {
                "id": "T[1:702]",
                "name": "T[Subscribe]",
                "children": [
                  {
                    "id": "1:702",
                    "name": "Subscribe"
                  }
                ]
              },
              {
                "id": "T[1:704]",
                "name": "T[Get our BEST updates and other cool stuff delivered to your inbox]",
                "children": [
                  {
                    "id": "1:704",
                    "name": "Get our BEST updates and other cool stuff delivered to your inbox"
                  }
                ]
              },
              {
                "id": "T[1:706,1:708]",
                "name": "T[Frame 4931,Button]",
                "children": [
                  {
                    "id": "1:706",
                    "name": "Frame 4931",
                    "children": [
                      {
                        "id": "1:707",
                        "name": "Email"
                      }
                    ]
                  },
                  {
                    "id": "1:708",
                    "name": "Button",
                    "children": [
                      {
                        "id": "1:709",
                        "name": "Sign Up"
                      }
                    ]
                  }
                ]
              },
              {
                "id": "1:710",
                "name": "Set the world on Fire🔥"
              }
            ]
          }
        ]
      }
    ]
  }
]