[
  {
    "id": "180:165",
    "name": "Landing",
    "children": [
      {
        "id": "T[T[180:167,T[180:183,180:184,180:185,180:186,180:187,2001:25,180:190]]]",
        "name": "T[T[Logo-FireJet,T[Docs,Blog,Pricing,Discord,Login,Button,Account circle]]]",
        "children": [
          {
            "id": "T[180:167,T[180:183,180:184,180:185,180:186,180:187,2001:25,180:190]]",
            "name": "T[Logo-FireJet,T[Docs,Blog,Pricing,Discord,Login,Button,Account circle]]",
            "children": [
              {
                "id": "180:167",
                "name": "Logo-FireJet"
              },
              {
                "id": "T[180:183,180:184,180:185,180:186,180:187,2001:25,180:190]",
                "name": "T[Docs,Blog,Pricing,Discord,Login,Button,Account circle]",
                "children": [
                  {
                    "id": "180:183",
                    "name": "Docs"
                  },
                  {
                    "id": "180:184",
                    "name": "Blog"
                  },
                  {
                    "id": "180:185",
                    "name": "Pricing"
                  },
                  {
                    "id": "180:186",
                    "name": "Discord"
                  },
                  {
                    "id": "180:187",
                    "name": "Login"
                  },
                  {
                    "id": "2001:25",
                    "name": "Button",
                    "children": [
                      {
                        "id": "2001:26",
                        "name": "Sign Up"
                      }
                    ]
                  },
                  {
                    "id": "180:190",
                    "name": "Account circle"
                  }
                ]
              }
            ]
          }
        ]
      },
      {
        "id": "T[T[180:195,180:196,180:197,180:198,180:200]]",
        "name": "T[T[Figma,Design,to,Frame 8,Code]]",
        "children": [
          {
            "id": "T[180:195,180:196,180:197,180:198,180:200]",
            "name": "T[Figma,Design,to,Frame 8,Code]",
            "children": [
              {
                "id": "180:195",
                "name": "Figma"
              },
              {
                "id": "180:196",
                "name": "Design"
              },
              {
                "id": "180:197",
                "name": "to"
              },
              {
                "id": "180:198",
                "name": "Frame 8",
                "children": [
                  {
                    "id": "180:199",
                    "name": "Readable"
                  }
                ]
              },
              {
                "id": "180:200",
                "name": "Code"
              }
            ]
          }
        ]
      },
      {
        "id": "180:202",
        "name": "Turn your Figma components into human-readable React code with a single *CLICK*"
      },
      {
        "id": "T[180:203]",
        "name": "T[Button]",
        "children": [
          {
            "id": "180:203",
            "name": "Button",
            "children": [
              {
                "id": "180:204",
                "name": "Sign Up"
              }
            ]
          }
        ]
      },
      {
        "id": "T[T[T[2022:511,2022:517,2022:518,T[2022:520,2022:521]],T[2022:524,2022:530,2022:531,T[2022:533,2022:521]],T[2022:537,2022:543,2022:544,T[2022:546,2022:521]],T[2022:550,2022:556,2022:557,T[2022:559,T[2022:521]]]]]",
        "name": "T[T[T[Frame 1,Human Readability,Code readability optimized for React developers. Understand easily and make changes to exported code hassle-free,T[Learn More,bx:arrow-back]],T[Frame 1,Import from Figma,Build your application with the flexibility of tools you already love.,T[Learn More,bx:arrow-back]],T[Frame 1,Import from Figma,Build your application with the flexibility of tools you already love.,T[Learn More,bx:arrow-back]],T[Frame 1,Import from Figma,Build your application with the flexibility of tools you already love.,T[Learn More,T[bx:arrow-back]]]]]",
        "children": [
          {
            "id": "T[T[2022:511,2022:517,2022:518,T[2022:520,2022:521]],T[2022:524,2022:530,2022:531,T[2022:533,2022:521]],T[2022:537,2022:543,2022:544,T[2022:546,2022:521]],T[2022:550,2022:556,2022:557,T[2022:559,T[2022:521]]]]",
            "name": "T[T[Frame 1,Human Readability,Code readability optimized for React developers. Understand easily and make changes to exported code hassle-free,T[Learn More,bx:arrow-back]],T[Frame 1,Import from Figma,Build your application with the flexibility of tools you already love.,T[Learn More,bx:arrow-back]],T[Frame 1,Import from Figma,Build your application with the flexibility of tools you already love.,T[Learn More,bx:arrow-back]],T[Frame 1,Import from Figma,Build your application with the flexibility of tools you already love.,T[Learn More,T[bx:arrow-back]]]]",
            "children": [
              {
                "id": "T[2022:511,2022:517,2022:518,T[2022:520,2022:521]]",
                "name": "T[Frame 1,Human Readability,Code readability optimized for React developers. Understand easily and make changes to exported code hassle-free,T[Learn More,bx:arrow-back]]",
                "children": [
                  {
                    "id": "2022:511",
                    "name": "Frame 1",
                    "children": [
                      {
                        "id": "T[2022:515]",
                        "name": "T[download (2)]",
                        "children": [
                          {
                            "id": "2022:515",
                            "name": "download (2)"
                          }
                        ]
                      }
                    ]
                  },
                  {
                    "id": "2022:517",
                    "name": "Human Readability"
                  },
                  {
                    "id": "2022:518",
                    "name": "Code readability optimized for React developers. Understand easily and make changes to exported code hassle-free"
                  },
                  {
                    "id": "T[2022:520,2022:521]",
                    "name": "T[Learn More,bx:arrow-back]",
                    "children": [
                      {
                        "id": "2022:520",
                        "name": "Learn More"
                      },
                      {
                        "id": "2022:521",
                        "name": "bx:arrow-back"
                      }
                    ]
                  }
                ]
              },
              {
                "id": "T[2022:524,2022:530,2022:531,T[2022:533,2022:521]]",
                "name": "T[Frame 1,Import from Figma,Build your application with the flexibility of tools you already love.,T[Learn More,bx:arrow-back]]",
                "children": [
                  {
                    "id": "2022:524",
                    "name": "Frame 1",
                    "children": [
                      {
                        "id": "T[2022:515]",
                        "name": "T[download (2)]",
                        "children": [
                          {
                            "id": "2022:515",
                            "name": "download (2)"
                          }
                        ]
                      }
                    ]
                  },
                  {
                    "id": "2022:530",
                    "name": "Import from Figma"
                  },
                  {
                    "id": "2022:531",
                    "name": "Build your application with the flexibility of tools you already love."
                  },
                  {
                    "id": "T[2022:533,2022:521]",
                    "name": "T[Learn More,bx:arrow-back]",
                    "children": [
                      {
                        "id": "2022:533",
                        "name": "Learn More"
                      },
                      {
                        "id": "2022:521",
                        "name": "bx:arrow-back"
                      }
                    ]
                  }
                ]
              },
              {
                "id": "T[2022:537,2022:543,2022:544,T[2022:546,2022:521]]",
                "name": "T[Frame 1,Import from Figma,Build your application with the flexibility of tools you already love.,T[Learn More,bx:arrow-back]]",
                "children": [
                  {
                    "id": "2022:537",
                    "name": "Frame 1",
                    "children": [
                      {
                        "id": "T[2022:541]",
                        "name": "T[download (2)]",
                        "children": [
                          {
                            "id": "2022:541",
                            "name": "download (2)"
                          }
                        ]
                      }
                    ]
                  },
                  {
                    "id": "2022:543",
                    "name": "Import from Figma"
                  },
                  {
                    "id": "2022:544",
                    "name": "Build your application with the flexibility of tools you already love."
                  },
                  {
                    "id": "T[2022:546,2022:521]",
                    "name": "T[Learn More,bx:arrow-back]",
                    "children": [
                      {
                        "id": "2022:546",
                        "name": "Learn More"
                      },
                      {
                        "id": "2022:521",
                        "name": "bx:arrow-back"
                      }
                    ]
                  }
                ]
              },
              {
                "id": "T[2022:550,2022:556,2022:557,T[2022:559,T[2022:521]]]",
                "name": "T[Frame 1,Import from Figma,Build your application with the flexibility of tools you already love.,T[Learn More,T[bx:arrow-back]]]",
                "children": [
                  {
                    "id": "2022:550",
                    "name": "Frame 1",
                    "children": [
                      {
                        "id": "T[2022:541]",
                        "name": "T[download (2)]",
                        "children": [
                          {
                            "id": "2022:541",
                            "name": "download (2)"
                          }
                        ]
                      }
                    ]
                  },
                  {
                    "id": "2022:556",
                    "name": "Import from Figma"
                  },
                  {
                    "id": "2022:557",
                    "name": "Build your application with the flexibility of tools you already love."
                  },
                  {
                    "id": "T[2022:559,T[2022:521]]",
                    "name": "T[Learn More,T[bx:arrow-back]]",
                    "children": [
                      {
                        "id": "2022:559",
                        "name": "Learn More"
                      },
                      {
                        "id": "T[2022:521]",
                        "name": "T[bx:arrow-back]",
                        "children": [
                          {
                            "id": "2022:521",
                            "name": "bx:arrow-back"
                          }
                        ]
                      }
                    ]
                  }
                ]
              }
            ]
          }
        ]
      },
      {
        "id": "T[180:260]",
        "name": "T[Don’t take our word for it]",
        "children": [
          {
            "id": "180:260",
            "name": "Don’t take our word for it"
          }
        ]
      },
      {
        "id": "180:261",
        "name": "Trust our customers"
      },
      {
        "id": "T[T[180:264,180:273,180:282]]",
        "name": "T[T[UserCard,UserCard,UserCard]]",
        "children": [
          {
            "id": "T[180:264,180:273,180:282]",
            "name": "T[UserCard,UserCard,UserCard]",
            "children": [
              {
                "id": "180:264",
                "name": "UserCard",
                "children": [
                  {
                    "id": "180:265",
                    "name": "Text"
                  },
                  {
                    "id": "T[180:268,T[180:270,180:271]]",
                    "name": "T[Philip Raw Hi Fidelity - Square 1,T[UserName,UserJob]]",
                    "children": [
                      {
                        "id": "180:268",
                        "name": "Philip Raw Hi Fidelity - Square 1"
                      },
                      {
                        "id": "T[180:270,180:271]",
                        "name": "T[UserName,UserJob]",
                        "children": [
                          {
                            "id": "180:270",
                            "name": "UserName"
                          },
                          {
                            "id": "180:271",
                            "name": "UserJob"
                          }
                        ]
                      }
                    ]
                  }
                ]
              },
              {
                "id": "180:273",
                "name": "UserCard",
                "children": [
                  {
                    "id": "180:274",
                    "name": "Text"
                  },
                  {
                    "id": "T[180:277,T[180:279,180:280]]",
                    "name": "T[Philip Raw Hi Fidelity - Square 1,T[UserName,UserJob]]",
                    "children": [
                      {
                        "id": "180:277",
                        "name": "Philip Raw Hi Fidelity - Square 1"
                      },
                      {
                        "id": "T[180:279,180:280]",
                        "name": "T[UserName,UserJob]",
                        "children": [
                          {
                            "id": "180:279",
                            "name": "UserName"
                          },
                          {
                            "id": "180:280",
                            "name": "UserJob"
                          }
                        ]
                      }
                    ]
                  }
                ]
              },
              {
                "id": "180:282",
                "name": "UserCard",
                "children": [
                  {
                    "id": "180:283",
                    "name": "Text"
                  },
                  {
                    "id": "T[180:286,T[180:288,180:289]]",
                    "name": "T[Philip Raw Hi Fidelity - Square 1,T[UserName,UserJob]]",
                    "children": [
                      {
                        "id": "180:286",
                        "name": "Philip Raw Hi Fidelity - Square 1"
                      },
                      {
                        "id": "T[180:288,180:289]",
                        "name": "T[UserName,UserJob]",
                        "children": [
                          {
                            "id": "180:288",
                            "name": "UserName"
                          },
                          {
                            "id": "180:289",
                            "name": "UserJob"
                          }
                        ]
                      }
                    ]
                  }
                ]
              }
            ]
          }
        ]
      },
      {
        "id": "T[180:290]",
        "name": "T[Footer]",
        "children": [
          {
            "id": "180:290",
            "name": "Footer",
            "children": [
              {
                "id": "T[T[180:292,T[T[180:295,180:297]],T[180:299,180:301],T[180:303,180:305],T[180:307,180:310]],T[180:312,T[180:314],180:315,180:316,180:317],T[180:319,T[180:321],T[180:323,180:325],180:327]]",
                "name": "T[T[Get in Touch,T[T[fluent:call-16-filled,+65 96503241]],T[ic:round-email,founders@firejet.io],T[file-icons:telegram,@st3vuhn],T[carbon:location-filled,8 Somapah Road, S487372]],T[Links,T[Home],Pricing,About Us,Blog],T[Subscribe,T[Get our BEST updates and other cool stuff delivered to your inbox],T[Frame 4931,Button],Set the world on Fire🔥]]",
                "children": [
                  {
                    "id": "T[180:292,T[T[180:295,180:297]],T[180:299,180:301],T[180:303,180:305],T[180:307,180:310]]",
                    "name": "T[Get in Touch,T[T[fluent:call-16-filled,+65 96503241]],T[ic:round-email,founders@firejet.io],T[file-icons:telegram,@st3vuhn],T[carbon:location-filled,8 Somapah Road, S487372]]",
                    "children": [
                      {
                        "id": "180:292",
                        "name": "Get in Touch"
                      },
                      {
                        "id": "T[T[180:295,180:297]]",
                        "name": "T[T[fluent:call-16-filled,+65 96503241]]",
                        "children": [
                          {
                            "id": "T[180:295,180:297]",
                            "name": "T[fluent:call-16-filled,+65 96503241]",
                            "children": [
                              {
                                "id": "180:295",
                                "name": "fluent:call-16-filled"
                              },
                              {
                                "id": "180:297",
                                "name": "+65 96503241"
                              }
                            ]
                          }
                        ]
                      },
                      {
                        "id": "T[180:299,180:301]",
                        "name": "T[ic:round-email,founders@firejet.io]",
                        "children": [
                          {
                            "id": "180:299",
                            "name": "ic:round-email"
                          },
                          {
                            "id": "180:301",
                            "name": "founders@firejet.io"
                          }
                        ]
                      },
                      {
                        "id": "T[180:303,180:305]",
                        "name": "T[file-icons:telegram,@st3vuhn]",
                        "children": [
                          {
                            "id": "180:303",
                            "name": "file-icons:telegram"
                          },
                          {
                            "id": "180:305",
                            "name": "@st3vuhn"
                          }
                        ]
                      },
                      {
                        "id": "T[180:307,180:310]",
                        "name": "T[carbon:location-filled,8 Somapah Road, S487372]",
                        "children": [
                          {
                            "id": "180:307",
                            "name": "carbon:location-filled"
                          },
                          {
                            "id": "180:310",
                            "name": "8 Somapah Road, S487372"
                          }
                        ]
                      }
                    ]
                  },
                  {
                    "id": "T[180:312,T[180:314],180:315,180:316,180:317]",
                    "name": "T[Links,T[Home],Pricing,About Us,Blog]",
                    "children": [
                      {
                        "id": "180:312",
                        "name": "Links"
                      },
                      {
                        "id": "T[180:314]",
                        "name": "T[Home]",
                        "children": [
                          {
                            "id": "180:314",
                            "name": "Home"
                          }
                        ]
                      },
                      {
                        "id": "180:315",
                        "name": "Pricing"
                      },
                      {
                        "id": "180:316",
                        "name": "About Us"
                      },
                      {
                        "id": "180:317",
                        "name": "Blog"
                      }
                    ]
                  },
                  {
                    "id": "T[180:319,T[180:321],T[180:323,180:325],180:327]",
                    "name": "T[Subscribe,T[Get our BEST updates and other cool stuff delivered to your inbox],T[Frame 4931,Button],Set the world on Fire🔥]",
                    "children": [
                      {
                        "id": "180:319",
                        "name": "Subscribe"
                      },
                      {
                        "id": "T[180:321]",
                        "name": "T[Get our BEST updates and other cool stuff delivered to your inbox]",
                        "children": [
                          {
                            "id": "180:321",
                            "name": "Get our BEST updates and other cool stuff delivered to your inbox"
                          }
                        ]
                      },
                      {
                        "id": "T[180:323,180:325]",
                        "name": "T[Frame 4931,Button]",
                        "children": [
                          {
                            "id": "180:323",
                            "name": "Frame 4931",
                            "children": [
                              {
                                "id": "180:324",
                                "name": "Email"
                              }
                            ]
                          },
                          {
                            "id": "180:325",
                            "name": "Button",
                            "children": [
                              {
                                "id": "180:326",
                                "name": "Sign Up"
                              }
                            ]
                          }
                        ]
                      },
                      {
                        "id": "180:327",
                        "name": "Set the world on Fire🔥"
                      }
                    ]
                  }
                ]
              }
            ]
          }
        ]
      }
    ]
  }
]